Modelo,F1,Datos,Volumen
Baseline (BC5CDR),0.8846392135806038,Real,5228
ZS-800,0.3175530878628482,Sintético,800
FSA-800,0.3391496682231506,Sintético,800
FSB-100,0.03587779127347473,Sintético,100
FSB-500,0.32238413760152895,Sintético,500
FSB-800,0.37045649247338147,Sintético,800
